Height,Weight
1,1.0996264
2,1.7688832
3,2.0907468
4,2.1481936
5,2.0242
6,1.8017424
7,1.5637972
8,1.3933408
9,1.3733496
10,1.5868
11,2.1166684
12,3.0459312
13,4.4575648
14,6.4345456
15,9.05985
16,12.4164544
17,16.5873352
18,21.6554688
19,27.7038316
20,34.8154
21,43.0731504
22,52.5600592
23,63.3591028
24,75.5532576
25,89.2255
26,104.4588064
27,121.3361532
28,139.9405168
